tweet,perturbed_text,perturbed_semantic_sim,translated_word(s)
"Pixy ini kok lama-lama gemesim yaaaa. Setelah jatuh cinta sama lip cream nya, kayak nya bakal jatih cinta sama yang lain. Huft [URL]",Pixy ini kok gemesim Setelah jatuh cinta sama lip cream kayak nya bakal jatih cinta sama yang Huft,0.940214991569519,"{'jatuh': 'jatuh', 'nya': 'nya'}"
Penyakit hepatitis B 100x lebih infeksius dari HIV/AIDS Duhh serem! Dan belum ada obatnya.,Penyakit hepatitis B 100x lebih infeksius dari Duhh Dan belum ada,0.9448561668395996,{'duhh': 'duhh'}
[USERNAME] [USERNAME] [USERNAME] Gw lebih khawatir lg kalo Ahok jd jurkamnya Jokowi bro. Nemo movement malah berbalik jd ikon punya Jokowi. Persis kejadian 212 yg jd panggung Jkw,Gw lebih khawatir lg if Ahok jd jurkamnya Jokowi Nemo movement malah berbalik jd ikon punya Persis kejadian 212 yg jd panggung Jkw,0.8772433996200562,"{'jurkamnya': 'jurkamnya', 'kejadian': 'kejadian', 'kalo': 'if'}"
"Selamat pak [USERNAME] resmi jadi bapak, sekedar saran sering sering si jagoan dikasih dengar lagu YNWA sama tonton pertandingan Liverpool... Biar ngerti sejarah dan kesetiaan haha",Selamat pak resmi jadi sekedar saran sering sering si jagoan dikasih dengar lagu YNWA sama tonton pertandingan Biar ngerti sejarah dan kesetiaan haha,0.9467302560806274,"{'haha': 'haha', 'jagoan': 'jagoan', 'sejarah': 'sejarah'}"
"[USERNAME] [USERNAME] Tidak disemua tempat kita boleh melaksanakan sholat, salah satunya di bangunan yang didirikan untuk kekafiran (salah satunya gereja). Aku berlindung kepada ALLAAH SWT. dari godaan setan yang terkutuk. [URL]",Tidak disemua tempat kita boleh melaksanakan salah satunya di bangunan yang didirikan untuk kekafiran satunya Aku berlindung kepada ALLAAH dari godaan Devil yang,0.9033666849136353,"{'setan': 'Devil', 'aku': 'I'}"
"[USERNAME] [USERNAME] Anak sipil kuliah 4tahun buat lulus ada jerih payah tiap detiknya, cuma dinyirnyirin gak jelas gini, ya Allah ya Rabb, mulut netizen Maha Benar memang :""",Anak sipil kuliah 4tahun buat lulus ada jerih payah tiap cuma dinyirnyirin gak jelas ya Allah ya mulut netizen Maha Benar memang,0.9057322144508362,"{'mulut': 'mulut', 'sipil': 'sipil', 'anak': 'child'}"
[askmf] kamu kalo pergi ke psikolog pertamanya ngomong apaan? Kan aku mau jelasin terus dia tiba-tiba motong ucapanku. Tapi dia tau masalahku lewat tes gitu. Cuman aku takut nggak diperhatikan bgt gitu.(?),kamu kalo pergi ke psikolog pertamanya ngomong Kan aku mau explain terus dia motong Tapi dia tau masalahku lewat tes Cuman aku takut nggak diperhatikan great,0.9373431205749512,"{'bgt': 'great', 'psikolog': 'psikolog', 'jelasin': 'explain'}"
"[USERNAME] 1minggu sebelum bapak meninggal agak sedikit membuat bapak marah, dan penyesalanku adalah blm sempat meminta maaf sampai bapak meninggal",1minggu sebelum bapak meninggal agak sedikit membuat bapak dan penyesalanku adalah blm sempat meminta maaf sampai bapak meninggal,0.9445483684539796,{'maaf': 'maaf'}
"Throwback video Launching lagu takkan terhenti disini, di tahun 2010, dimana salah satu kaka saya yg ada di video ini sudah meninggal 3 thn lalu. Hoek hiks. [USERNAME] [USERNAME] [URL]",Throwback video Launching lagu takkan terhenti di tahun dimana salah satu kaka saya yg ada di video ini sudah meninggal 3 thn Hoek,0.9333333969116212,"{'throwback': 'throwback', 'lagu': 'lagu'}"
"Makanya pernah saya sampaikan kepada anda [USERNAME] jangan kebanyakan baca novel, nonton film dan nonton mak lampir, pahami saja KESELURUHAN isi Kitab Suci Al-Qur'an. Akhirnya anda nyasar kan ? ......... I T U. [URL]",Makanya pernah saya sampaikan kepada anda jangan kebanyakan baca nonton film dan nonton mak pahami saja KESELURUHAN isi Kitab Suci Akhirnya anda nyasar kan I T,0.9388319253921508,"{'nonton': 'nonton', 'film': 'film', 'keseluruhan': 'keseluruhan'}"
[USERNAME] [USERNAME] [USERNAME] udah mirip ama sodara anjingnya lu cuuk jancuk hahahaha itu pribadi bukan golongan tagih gih ama orangnya hahahaha #BonekSelamanyaJancok,udah mirip ama sodara anjingnya lu cuuk jancuk hahahaha itu pribadi bukan golongan tagih gih ama orangnya hahahaha,0.8238250613212585,"{'lu': 'lu', 'cuuk': 'cuuk', 'golongan': 'golongan'}"
Kecerian Bersama Teman-teman BARU itu sangat Mengasikkan. . #KeluargaBaru . Salam Gowes [USERNAME] [URL] republiksepeda mtb_indo bikestable [USERNAME] gowesnusantara gowes_holic,Kecerian Bersama BARU itu sangat Salam Gowes republiksepeda bikestable gowesnusantara,0.696214497089386,{'salam': 'salam'}
"[USERNAME] [USERNAME] [USERNAME] [USERNAME] [USERNAME] [USERNAME] yg penting janji itu di buktikan dgn kerja nyata, bukan hanya diucapkan saja....jgn pas pilkada dekat dgn rakyat, bila sudah terpilih...lupakan janji itu....kita tunggu saja .....",yg penting janji itu di buktikan dgn kerja bukan hanya diucapkan pas pilkada dekat dgn bila sudah janji tunggu saja,0.6525764465332031,"{'tunggu': 'tunggu', 'pilkada': 'pilkada'}"
"Nah hari ini kaka gue memutuskan naikin uang makan gue biar ga makan di kfc mulu, ga bergizi katanya. Dan di hari pertama uang makan gue naik, gue memilih buka puasa pake baso uang makan ada kembalian, hati happy. Makan mah yg penting bismillah",Nah hari ini kaka gue memutuskan naikin uang eat gue biar ga eat di kfc ga bergizi Dan di hari pertama uang eat gue gue memilih buka puasa pake baso uang eat ada heart Makan mah which penting bismillah,0.9165613055229188,"{'kaka': 'kaka', 'yg': 'which', 'makan': 'eat', 'hati': 'heart', 'nah': 'nah'}"
"Jangan main2 dengan SARA. Mereka yang bermain dengan SARA apalagi mendekati tahun politik, hampir dapat di pasti ujungnya konflik. [URL]",Jangan main2 dengan Mereka yang bermain dengan SARA apalagi mendekati tahun hampir dapat di pasti ujungnya,0.9178860187530518,{'sara': 'sara'}
"Aliran darahku menghantarkan rasa rindu di sela-sela sel otakku yang terus berbisik untuk mengucapkannya, tapi aku tidak mampu, bahkan hanya untuk menyiratkannya. [URL]",Aliran darahku menghantarkan rasa rindu di sel otakku yang terus berbisik untuk tapi aku tidak bahkan hanya untuk,0.9398501515388488,{'rindu': 'rindu'}
"gara2 pernah baca orang ditelp cuma ditanya ""benar ini dengan (sebut nama yg ditelp)?"" dan si penerima jawab ""iya"" abis itu ditutup telpnya, sekarang tiap angkat tlp dr nomor ga dikenal selalu balik nanya dr siapa, perlu apa, sebelum jawab nama gue bener yg dia sebut. ngeri cuy",gara2 pernah baca orang ditelp cuma ditanya ini dengan nama which dan si penerima jawab abis itu ditutup sekarang tiap angkat tlp dr nomor ga dikenal selalu balik nanya dr perlu sebelum jawab nama gue bener which dia ngeri cuy,0.9487650394439696,"{'cuy': 'cuy', 'gue': 'gue', 'yg': 'which'}"
"kenangan SMA, tiap pulang sekolah sebelum pulang minta uang ke temen2 cewek masing2 seribu bilangnya buat bensin, tapi malah nyasar ke warung nongki beli udud hahahahah :(",memory tiap pulang sekolah sebelum pulang minta uang ke temen2 cewek masing2 seribu bilangnya buat tapi malah nyasar ke warung nongki beli udud hahahahah,0.9472779631614684,"{'kenangan': 'memory', 'nyasar': 'nyasar'}"
"[USERNAME] Kalah sudah kalah pamor ya beginilah jadinya, ngomongnya asal njeplak Wae, melemahkan seseorang, menciptakan ujaran kebencian, menyebarkan berita HOAK dll. Tak pantaslah seorang yang katanya tokoh nasional di negeri ini, bicaranya selalu k",Kalah sudah kalah pamor ya beginilah ngomongnya asal njeplak melemahkan menciptakan ujaran menyebarkan berita HOAK Tak pantaslah seorang yang katanya tokoh nasional di negeri bicaranya selalu k,0.9007912874221802,"{'tak': 'note', 'hoak': 'hoak', 'kalah': 'kalah'}"
[USERNAME] [USERNAME] Ini Negara Hukum. Hkm hrs menjadi panglima. Jika ada yg tdk spendapat dgn apa yg dsampaikn Polri lakukan upaya hukum drpd hny nyinyir saja.,Ini Negara Hkm hrs menjadi Jika ada yg tdk spendapat dgn apa yg dsampaikn Polri lakukan upaya hukum drpd hny nyinyir,0.9212945103645324,"{'negara': 'negara', 'hukum': 'hukum', 'nyinyir': 'nyinyir'}"
"Neng,cinta Abang ke Eneng tuh seujung kuku..kecil tp slalu tumbuh tiap hari.",Abang ke Eneng tuh seujung tp slalu tumbuh tiap,0.8040975332260132,{'tp': 'tp'}
ku tatap wajahmu saat pertama kita bertemu terasa bergetar jiwaku saat kau tersenyum padaku i love u. #ARMYSelcaDay [USERNAME],ku tatap wajahmu saat pertama kita bertemu terasa bergetar jiwaku saat kau tersenyum padaku i love,0.9397164583206176,"{'love': 'love', 'i': 'i'}"
"Helloo, Liburan Kapan Liburan... Kerja teyuss, Lebaran pun ON teyus Liburan Sekolah udah mau Selesai  elisoulea . . . . . #kapanliburanlagi",Liburan Kapan Kerja Lebaran pun ON teyus Liburan Sekolah udah mau Selesai elisoulea,0.9440407156944276,"{'kerja': 'kerja', 'sekolah': 'sekolah'}"
[USERNAME] Coba dikasih jelas ke [USERNAME] dan pasukan nya.... biar ga ngebubarin pengajiannya Ust [USERNAME] dgn alasan HTI ormas terlarang [URL],Coba dikasih jelas ke dan pasukan biar ga ngebubarin pengajiannya Ust dgn alasan HTI ormas terlarang,0.7543878555297852,"{'ormas': 'ormas', 'hti': 'hti'}"
Mau Ngucapin Happy Birthday yg ke 24 buat de' Nursehah. smoga berkah umur &amp,Mau Ngucapin Happy Birthday yg ke 24 buat smoga berkah umur,0.929198443889618,{'mau': 'mau'}
"Khawatir sih, takut terjadi yang aneh2 ama dia. Tapi aku tetap ngekeh ngga mau hubungi dia dulu.",Khawatir takut terjadi yang aneh2 ama Tapi aku tetap ngekeh ngga mau hubungi dia,0.948648989200592,{'takut': 'takut'}
"[USERNAME] mencintai jaewon bisa, menyayangi jaewon bisa, jadi bucin jaewon bisa, jadi istri yang baik buat jaewon bisa, request aja maunya apa",love jaewon menyayangi jaewon jadi bucin jaewon jadi istri yang baik buat jaewon request aja maunya apa,0.8717883825302124,"{'mencintai': 'love', 'maunya': 'maunya'}"
" TIDAK TERBUKTI MEMBERI CONTOH PERBUATAN BAIK, pada kami yg nakal. ayo bang, DO MORE, TALK LESS while leading.",TIDAK TERBUKTI MEMBERI CONTOH PERBUATAN pada kami yg ayo DO TALK LESS while,0.9102634787559508,"{'tidak': 'tidak', 'perbuatan': 'perbuatan'}"
"Jaman dulu fotografer masih jarang maen photoshop, foto yg banyak micin'nya banyak yg suka. Sekarang setelah banyak aplikasi photoshop yg semua orang bisa download free di hp, orang udah mulai mual lihat foto yg kebanyakan micin",Jaman dulu fotografer masih jarang maen photo yg banyak banyak yg Sekarang setelah banyak aplikasi photoshop yg semua person bisa download free di person udah mulai nauseous lihat photo yg kebanyakan micin,0.9235591292381288,"{'orang': 'person', 'micin': 'micin', 'mual': 'nauseous', 'foto': 'photo'}"
"Then, kalaupun gue jarang sama si x akhir-akhir ini, mungkin kita sedang memasuki dinamika pertemanan yg rumit, yey yg namanya manusia pasti ada slek-slekkan nya la ya. Ga mungkin akur terus, ga asik dong akur terus. Terus gue mesti jelasin k lu semua yg pada nanya, ga kan?",kalaupun gue jarang sama si x mungkin kita sedang memasuki dinamika pertemanan which yey which namanya man pasti ada nya la Ga mungkin akur ga asik dong akur Terus gue mesti explain k lu semua which pada ga,0.8988940715789795,"{'jelasin': 'explain', 'x': 'x', 'manusia': 'man', 'ga': 'ga', 'yg': 'which'}"
"Cinta pandangan hati adalah anugerah. Cinta yang tumbuh dari hati meninggalkan rasa sayang yang sangat mendalam. Bila seseorang dapat merasakan cinta yang tumbuh dari hati, itulah yang disebut cinta sejati.",Cinta pandangan heart adalah Cinta yang tumbuh dari heart meninggalkan rasa Dear yang sangat Bila seseorang dapat merasakan cinta yang tumbuh dari itulah yang disebut cinta,0.9457405805587769,"{'hati': 'heart', 'sayang': 'Dear'}"
Bnyk orng marah Krn [USERNAME] bilang PKS melahirkan 2 koruptor Besar. Katanya itu OKNUM. Goblog keterlaluan. Oknum berlaku untuk kelas KROCO. Kalau kelas kakap apalagi presiden kok oknum Memang dia bisa dapat projek tipu-tipu kalau bukan karna presiden Parte? [USERNAME],Bnyk orng marah Krn bilang PKS melahirkan 2 koruptor Katanya itu Goblog Oknum berlaku untuk kelas Kalau kelas kakap apalagi presiden kok oknum Memang dia bisa dapat projek kalau bukan karna presiden,0.93755704164505,"{'bilang': 'bilang', 'goblog': 'stupid', 'presiden': 'presiden', 'oknum': 'oknum'}"
"#ygl aku takut perasaan ini semakin mendalam jika kita terus bersama, terlebih semenjak aku tau ada hati lain yang menunggumu juga hyung. Aku semakin takut. [URL]",I takut perasaan ini semakin mendalam jika kita terus terlebih semenjak I tau ada hati lain yang menunggumu juga Aku semakin,0.916986644268036,{'aku': 'I'}
"Potong pepaya, leci, blueberry. Bikin overnight oatmeal dan madu. Seketika saya merasa sehat. . . . . Padahal dimakan aja belum~ Semua hanya fatamorganaaaaaaa..",Potong Bikin overnight oatmeal dan Seketika saya merasa Padahal dimakan aja Semua hanya,0.8829280138015747,{'padahal': 'padahal'}
Terima kasih kak [USERNAME] Cantik Lukis Digitalnya ka Dinda juga yaa,Terima kasih kak Cantik Lukis Digitalnya ka Dinda juga yaa,0.9320083856582642,{'terima': 'terima'}
"dek, saya cuma takut, perasaan saya akan melebihi batas sebagai kakak kelas. berhenti ya? sekalipun alasan kamu mengabari saya adalah karena bosan.",saya cuma feeling saya akan melebihi batas sebagai kakak berhenti sekalipun alasan kamu mengabari saya adalah karena,0.9415542483329772,{'perasaan': 'feeling'}
"harus diakui, perasaan paling menyesakkan adalah saat menerima undangan pernikahan dari mantan. mantan saingan, mantan gebetan, mantan pacar, manatan teman dan mantan-mantan lainnya.",harus perasaan paling menyesakkan adalah saat menerima undangan pernikahan dari mantan mantan mantan manatan friend dan,0.9083929657936096,"{'teman': 'friend', 'manatan': 'manatan'}"
"[USERNAME] @8rianna_ Hadir min, salam ane di segmen salsa icikiwir minta to long bacain ya [USERNAME] [USERNAME] [USERNAME] trimakasih!",Hadir salam ane di segmen salsa icikiwir minta to long bacain ya,0.6211757659912109,"{'hadir': 'present', 'salam': 'salam'}"
"Banyak maba dikampus, mereka tidak tau kalo kuliah itu gak kayak difilm film, pada sumringah semua. Ntar sebulan kuliah, langsung kusut muka.",Banyak maba mereka tidak tau if kuliah itu gak kayak difilm pada sumringah Ntar sebulan langsung kusut,0.9369090795516968,"{'kalo': 'if', 'sebulan': 'sebulan'}"
"Pertama kali ketemu pas bayi umur 3 bulan dan sekarang sudah 6 taon kelas 1 SD, time so fast... namanya Raditya yang punya cita cita jadi petugas pemadam kebakaran. Pinter yo Le sekohale",Pertama kali meet pas bayi umur 3 bulan dan sekarang sudah 6 taon kelas 1 time so namanya Raditya yang punya cita cita jadi petugas pemadam Pinter yo Le sekohale,0.9416738748550416,"{'cita': 'cita', 'pinter': 'pinter', 'ketemu': 'meet'}"
"[USERNAME] Well, common logic di Indonesia itu selalu perempuan yg salah. ""Coba kalo nggk ini, itu, bla bla bla"". Sedangkan yang salah sebenarnya selalu pelaku, bukannya korban. Logcial fallacy.",common logic di Indonesia itu selalu perempuan yg kalo nggk bla bla Sedangkan yang salah sebenarnya selalu bukannya Logcial,0.9296948313713074,"{'indonesia': 'Indonesia', 'bla': 'bla'}"
"[USERNAME] [USERNAME] [USERNAME] System dah canggih n inovasi baru lagi yg kita lihat dgn sgl kemudahan utk rakyat,terima kasih pak jojowi n tims kabinet sukses selalu n sehat",System dah canggih n inovasi baru lagi yg kita lihat dgn sgl kemudahan utk kasih pak jojowi n tims kabinet sukses selalu n sehat,0.8484401702880859,"{'sehat': 'sehat', 'jojowi': 'jojowi', 'sukses': 'sukses'}"
Dan untukmu wanita yg selalu aju cinta dan aku rindukan. Selamat bertambah usia syng. Selamat bertambah keberkahan dan kebahagian hidup. Aku sdr aku bukan siapa2 lagi dlm hidupmu. Aku sdr aku hanya manusia asing skrng. Tp percayalah aku akan berusaha menjaga dirimu dlm hatiku,Dan untukmu wanita yg selalu aju cinta dan I Selamat bertambah usia Selamat bertambah keberkahan dan kebahagian Aku sdr I bukan siapa2 lagi dlm Aku sdr I hanya manusia asing Tp percayalah I akan berusaha menjaga dirimu dlm hatiku,0.9422773122787476,"{'cinta': 'cinta', 'selamat': 'selamat', 'bertambah': 'bertambah', 'aku': 'I'}"
"Senyum adalah media paling murah dalam membangun suatu hubungan. #kintamani #photography #savana #vsco #balicili #balitrip #baligasm #bali #travelling @ Kintamani, Bali, Indonesia [URL]",Senyum adalah media paling murah dalam membangun suatu Indonesia,0.6418565511703491,{'murah': 'murah'}
"sy sbagai pribadi Katolik bangga punya Yesus dlam hidup sy. Sbesar apapun msalah hidup, Dia tdk prnh tingglkan sy. Trima lasih Yesus, atas tntangan yg Engkau brikan! [URL]",sy sbagai pribadi Katolik bangga punya Yesus dlam hidup Sbesar apapun msalah Dia tdk prnh tingglkan Trima lasih atas tntangan yg Engkau,0.9387869834899902,"{'hidup': 'hidup', 'msalah': 'msalah', 'dlam': 'dlam'}"
"[USERNAME] Dalil haditsnya justru Imam Mahdi, gak pernah mau ngaku-ngaku jadi imam. Bahkan sudah ditunjuk pun, dia ogah menerima amanat untuk memimpin umat. Lah yg ini apah? Sudah ngeklaim, nyuruh umatnya mundur? Inamahdi malah nolak dibai'at, bukan bi",Dalil haditsnya justru Imam gak pernah mau jadi Bahkan sudah ditunjuk dia ogah menerima amanat untuk memimpin Lah yg ini Sudah nyuruh umatnya Inamahdi malah nolak bukan bi,0.9059224128723145,"{'bi': 'bi', 'ogah': 'ogah', 'dalil': 'dalil'}"
"[USERNAME] Dan dibilang ""kok gendutan?"" Dan ditanya ""kapan nyusul mas/mba ini nikah?"" Dan ditodong ""mana angpaonya?"" Dan dimaki ""umur udah ga kecil lagi, masih aja sendiri"" Asem emang :'(",Dan dibilang Dan ditanya nyusul ini Dan ditodong Dan dimaki udah ga kecil masih aja Asem emang,0.8910143375396729,{'dibilang': 'dibilang'}
"Gaya Presiden Jokowi dalam blusukan adalah mendatangi masyarakat, bertanya, mendengar dan berdiskusi, sambil tak lupa menyalami masyarakat yang dijumpai. #JokowiSekaliLagi",Gaya Presiden Jokowi dalam blusukan adalah mendatangi mendengar dan sambil tak forget menyalami masyarakat yang,0.9342933893203736,{'lupa': 'forget'}
"Muka w mang gak indah, tp at least w bs jln ke tempat yg indah.. #myfaceismyproblemnotyours #dibikinasikaja #familytime #qualitytime @ Munduk, Bali, Indonesia [URL]",Muka w mang gak tp at least w bs jln ke tempat yg Indonesia,0.8691790103912354,{'muka': 'advance'}
"Innalillahi wa inna ilaihi rajiun. Kabar duka kembali menyelimuti Aceh. Pewaris Kesultanan Aceh, Teungku Putro Safiatuddin Cahya Nur Alam dikabarkan meninggal dunia di Kota Mataram, Nusa Tenggara Barat (NTB), Rabu (6/6/2018) sekira pukul 06.45 WITA. [URL]",Innalillahi wa inna ilaihi Kabar duka kembali menyelimuti Pewaris Kesultanan Teungku Putro Safiatuddin Cahya Nur Alam dikabarkan meninggal dunia di Kota Nusa Tenggara Barat Rabu sekira pukul,0.9296838641166688,"{'duka': 'duka', 'innalillahi': 'innalillahi', 'rabu': 'rabu', 'putro': 'putro'}"
 Gak punya mobil ya naik kend umum.biar jln gk macet.gk ada uang tuk bayar TOL .ya lewat jalan tol ada pilihan !.Geto aja repot!,Gak punya mobil ya naik kend jln gk ada uang tuk bayar TOL lewat jalan toll ada pilihan aja,0.9452968835830688,"{'tol': 'toll', 'jln': 'jln'}"
"Kalau orang yang digituin pakai hijab, bukan penyanyi dangdut, dan berpakian tertutup. Gue rasa orang masih akan bela, tapi hanya karena Via Vallen penyanyi dangdut yang terkenal dengan 'gay seksi', she deserved to be sexually harrased?",Kalau person yang digituin pakai bukan penyanyi dan berpakian Gue rasa person masih akan tapi hanya karena Via Vallen penyanyi dangdut yang terkenal dengan she deserved to be sexually,0.8990943431854248,"{'orang': 'person', 'sexually': 'sexually'}"
"[USERNAME] jujur ya gue juga takut, banci yang ngamen gitu sih, pernah kejadian soalnya banci ngebegal, serem banget kalo lahi marah marah sambil nodong piso",jujur ya gue juga banci yang ngamen gitu pernah kejadian soalnya banci serem banget if lahi marah marah sambil nodong piso,0.9229580163955688,"{'kalo': 'if', 'banget': 'banget', 'nodong': 'nodong'}"
"[USERNAME] tolong kepada petugas [USERNAME] dan atau polisi di jalan Tol cipularang km 101 arah jakarta, malam ini ada yg melempari kendaraan pake batu besar. saya salah satu korbannya.mohon diamankan!!",tolong kepada petugas dan atau polisi di jalan Tol cipularang km 101 arah malam ini ada yg melempari kendaraan pake batu saya salah satu,0.9342172145843506,"{'tolong': 'tolong', 'pake': 'pake', 'jalan': 'jalan'}"
"Ya apa salahnya si mbak dishare ulang, postan mu iku di grup udh tenggelem jauh. Kirim poto ini poto itu, tau sendiri kan. Gregetan aku tu mbak karo koe.",Ya apa salahnya si mbak dishare postan your iku di grup udh tenggelem Kirim poto ini poto tau sendiri Gregetan aku tu mbak karo,0.9382806420326232,"{'mu': 'your', 'kirim': 'send', 'udh': 'udh'}"
"Begitu mulianya tugas orang tua membesarkan anak. Mengemban amanah dari Tuhan untuk menjaga, mendidik, menyayangi dan memelihara anak. Berilah ia cinta dan kebutuhan lahir dan batinnya.",Begitu mulianya tugas orang tua membesarkan Mengemban amanah dari Tuhan untuk menyayangi dan memelihara Berilah ia cinta dan kebutuhan lahir dan,0.9494211673736572,"{'cinta': 'cinta', 'berilah': 'give', 'mengemban': 'carry'}"
"Ya makanya diganti pakai unsur ""setiap orang"" biar semuanya kena. Katanya mau mengkriminalisasi semua perbuatan cabul... [URL]",Ya makanya diganti pakai unsur biar semuanya Katanya mau mengkriminalisasi semua perbuatan,0.8865052461624146,{'perbuatan': 'perbuatan'}
"Beliau bilang, jadwal uas terakhir keluar tgl 25 Mei. Cukup lama untuk kami berdua memiliki waktu protes. Tapi ya namanya mahasiswa tua, jangankan liat jadwal uas, kekampus aja boro2 tiap hari :) Kami diam. Sebelumnya sudah saya singgung mengenai 'jadwal ujian final' pada beliau",Beliau jadwal uas terakhir keluar tgl 25 Cukup lama untuk kami berdua memiliki waktu Tapi ya namanya mahasiswa jangankan liat jadwal kekampus aja boro2 tiap hari Kami Sebelumnya sudah saya singgung mengenai ujian pada beliau,0.9404606819152832,"{'uas': 'uas', 'kekampus': 'kekampus', 'berdua': 'berdua', 'sebelumnya': 'previously'}"
AAAAAK SUKA BANGET. feel sehabis nonton sama kayak the greatest showman. ikut nyanyi pas dancing queen dan mamma mia. dan dancing queen yg ini jauuuuh lebih asik drpd yg versi meryl streep di film pertama hehe. RASANYA MAU BALIK NONTON LAGI,AAAAAK SUKA feel sehabis nonton sama kayak the greatest ikut nyanyi pas dancing queen dan mamma dan dancing queen which ini jauuuuh lebih asik drpd which versi meryl streep di film pertama RASANYA MAU BALIK NONTON LAGI,0.9495795369148254,"{'asik': 'asik', 'versi': 'versi', 'queen': 'queen', 'yg': 'which'}"
"Kuliner yang lagi hitz di Yogyakarta. Namanya ""ceplukan"". Jaman masih kecil tahun 1980-an suka mencari ceplukan di kebun. Setelah hampir 30 tahun, makan buah ini lagi. Viva la Ceplukan [URL]",Kuliner yang lagi hitz di Namanya Jaman masih kecil tahun suka mencari ceplukan di Setelah hampir 30 makan buah ini Viva la Ceplukan,0.9446825385093688,"{'hitz': 'hitz', 'kuliner': 'kuliner'}"
"[USERNAME] Cuma mau nunjukkin ini, Kak.. Kalo linimasa aku yg begini kamu samain sama mereka yang tergugah isu-isu busuk politik, da aku bisa bilang apa lagii ~~ [URL]",Cuma mau nunjukkin Kalo linimasa aku yg begini kamu samain sama mereka yang tergugah busuk da aku bisa bilang apa lagii,0.9352622032165528,"{'busuk': 'busuk', 'bilang': 'bilang'}"
[USERNAME] [USERNAME] Kalo yg di Jakarta kan jago nyembunyiin buktinya dia punya perusahaan offshore yg bikin namanya muncul di Panama Paper... jadi harus jago banget untuk bisa temuin bukti,Kalo yg di Jakarta kan jago nyembunyiin buktinya dia punya perusahaan offshore yg bikin namanya muncul di Panama jadi harus jago banget untuk bisa temuin bukti,0.9427861571311952,"{'bukti': 'bukti', 'nyembunyiin': 'nyembunyiin', 'temuin': 'temuin'}"
"[USERNAME] aku merasa gagal menjadi teman, aku tadi cuman mau bohong tapi jawaban mu seperti itu, termakan sendiri aku, sedih wed, maaf yaa",aku merasa gagal menjadi aku tadi cuman mau bohong tapi jawaban mu seperti devoured sendiri sedih maaf yaa,0.923671543598175,{'termakan': 'devoured'}
saya kecewa ......atau kita dipaksa golput .....presiden RI kok takut sm FPI...@DivHumas_Polri [USERNAME] [USERNAME] [USERNAME] [USERNAME],saya kecewa kita dipaksa golput RI kok takut sm,0.6275817155838013,{'dipaksa': 'dipaksa'}
"Saya terlalu sibuk menggalau hingga lupa kalo kemarin lusa oshimen pada zamannya berganti umur yang ke...?? Entahlah, akupun tak tau~ [USERNAME] [URL]",Saya terlalu sibuk menggalau hingga lupa kalo kemarin lusa oshimen pada zamannya berganti umur yang akupun tak,0.8967602252960205,"{'menggalau': 'menggalau', 'sibuk': 'sibuk'}"
"Udah mandi mas, sampe berendem malah biar wangi ga ilang sampe sore :D",Udah mandi sampe berendem malah biar fragrant ga ilang sampe sore,0.8979192972183228,"{'ga': 'ga', 'wangi': 'fragrant'}"
macetnya mantap #parkir,macetnya mantap,0.815492570400238,{'mantap': 'mantap'}
"[askmf] abis baca menfess ini, aku sbg calon anak rantau ngerasa takut, minder, kalo temen2 disana diam2 ngerasa kesal dengan logat aku/ karena aku masih sering nyampur bahasa :( [URL]",abis baca menfess aku sbg calon anak rantau ngerasa kalo temen2 disana diam2 ngerasa kesal dengan logat karena aku masih sering nyampur bahasa,0.947179079055786,{'kesal': 'kesal'}
"Gara gara lihat papa, om dan sepupunya tiap akhir pekan nobar bola, Nayla jadi suka bola juga, sedikiiiit tambah semangat pas nonton lagunya [USERNAME] ( [URL] pakai [USERNAME] #JADIBISA #RameinBola bareng mereka [URL]",Gara gara lihat om dan sepupunya tiap akhir pekan nobar Nayla jadi suka bola sedikiiiit tambah semangat pas nonton lagunya pakai bareng mereka,0.8294334411621094,"{'semangat': 'semangat', 'nobar': 'nobar', 'pekan': 'pekan'}"
"10 hari terakhir ramadhan, ada 1 malam yang sangat mulia dr seribu bulan, selamat datang Lailatul Qadar, kami orang yang beriman sangat merindukan kedatangan mu...",10 hari terakhir ada 1 malam yang sangat mulia dr seribu selamat datang Lailatul kami orang yang beriman sangat miss kedatangan,0.9482489824295044,{'merindukan': 'miss'}
"Selamat ulang tahun istriku tersayang, yulyyanti_armal_prasetiyo . Semoga panjang umur, Sehat selalu, Rejekinya lancar, Tetap menjadi istri yang sholihah, Mendapatkan kemuliaan di [URL]",Selamat ulang tahun istriku Semoga panjang Sehat Rejekinya Tetap menjadi istri yang Mendapatkan kemuliaan di,0.8877483606338501,"{'rejekinya': 'rejekinya', 'ulang': 'ulang'}"
"Lg ngebayangin, entar wisuda punya calon/pacar datang kasih kado sambil ada caption ""calon wife selamat lulus,"" sambil senyum bahagia. YAAMPUN SEMOGA JADI KENYATAAN",Lg entar graduation punya datang kasih kado sambil ada caption wife selamat sambil senyum YAAMPUN SEMOGA JADI KENYATAAN,0.8940795660018921,"{'wisuda': 'graduation', 'semoga': 'semoga'}"
Senyum itu bisa menyenangkan hati lho... Makanya kudu senyum meski lokasi potonya ngampung di hotel Dafam Lotus Jember..,Senyum itu bisa pleasant hati Makanya kudu senyum meski lokasi potonya ngampung di hotel Dafam Lotus,0.932388186454773,"{'senyum': 'senyum', 'menyenangkan': 'pleasant'}"
"Pernah saya tanya, kok sore sudah pulang? ""Males mas, takut kemaleman. Kadang suka ada beruang lewat sama hewan buas lainnya."" Nah loh. Mampus dah aing. Tiap siang langsung saya cabut balik ke Jambi. Itu belum gangguan sosok mistis klo kemaleman di jalan",Pernah saya kok sore sudah takut Kadang suka ada beruang lewat sama hewan buas Nah Mampus dah Tiap siang langsung saya cabut balik ke Itu belum gangguan figure mistis klo kemaleman di jalan,0.9366915225982666,"{'takut': 'takut', 'kemaleman': 'kemaleman', 'sosok': 'figure', 'jalan': 'jalan'}"
"Alhamdulillah 'ala kulli haal, Jazakumullah ntk Pak Arief dan Pak Basyit atas bimbingan, arahan, coretan, revisi, omelan dsb selama 1 semester ini. Sehat selalu ya, pak. Tetaplah menginspirasi. #latepost",Alhamdulillah kulli Jazakumullah ntk Pak Arief dan Pak Basyit atas omelan dsb selama 1 semester Sehat selalu Tetaplah,0.9177732467651368,"{'sehat': 'sehat', 'alhamdulillah': 'Alhamdulillah'}"
"Dari kejauhan, aku selalu melihatmu. Bahagialah, sayang. Aku mencintaimu. Selalu.",Dari I selalu Aku,0.8161531686782837,{'aku': 'I'}
"Terima kasih udah bekerja keras kasih kita (army) musik yang berkualitas, musik yang keren, musik yang inspiratif, musik yang menyembuhkan. Sehat selalu",Terima kasih already bekerja keras kasih kita musik yang musik yang musik yang musik yang Sehat selalu,0.9428413510322572,"{'terima': 'terima', 'udah': 'already'}"
Titip salam buat masbro [USERNAME] kl shooting bawa bambu ya buat ganjel biar gk ngejoprak [USERNAME] #IniSahurTIKETCOMHariKe20,Titip salam buat masbro kl shooting bawa bambu ya buat ganjel biar gk ngejoprak,0.890445351600647,"{'titip': 'titip', 'masbro': 'masbro'}"
Timang timang anakku sayang..... Buah hatiku sepajang jalan... Siang malan ku selalu berdoa Semoga kelak kau bahagia selalu #HariAnakNasional [URL],Timang timang anakku Buah hatiku sepajang Siang malan my selalu berdoa Semoga kelak kau bahagia selalu,0.8144911527633667,"{'semoga': 'semoga', 'ku': 'my'}"
"Mendengar ada suara aneh disekitarnya. Jek merinding. ""tadi ada yg ngomong tidak yaa??"" ",Mendengar ada voice aneh Jek ada yg ngomong tidak,0.8849753141403198,{'suara': 'voice'}
"efek pemilu itu toksik, sekalipun yg toksik itu berhasil merubah diri jadi lebih religius (tobat).tp ya ga terus seenaknya paranoid, penuh kebencian juga si.",efek pemilu itu sekalipun yg toksik itu berhasil merubah diri jadi lebih religius ya ga terus seenaknya penuh kebencian juga,0.94691264629364,"{'kebencian': 'kebencian', 'pemilu': 'pemilu'}"
"Kemarin buku #TSYGMC ini sempat di-twit oleh Mas Agus Noor untuk tagar #bacabuku-nya. Seneng gitu liatnya, biarpun gue anak murtad dah sejuta tahun lamanya ga nulis fiksi  #WorkshopCerpenKompas2014 [URL]",Kemarin buku ini sempat oleh Mas Agus Noor untuk tagar Seneng gitu biarpun gue anak murtad dah sejuta tahun lamanya ga nulis fiksi,0.93308287858963,"{'seneng': 'seneng', 'buku': 'buku', 'biarpun': 'biarpun'}"
"Morningside - Fazerdaze (2017) Lagu2nya begitu enaq didengerin pas halodo alias summer jam 10 pagi sambil sepedaan. Enak didengerin pas mood lagi bagus2nya + bikin semangats. W suka Lucky Girl, Little Uneasy, Misread, Jennifer sm Bedroom Talks [URL]",Morningside Fazerdaze Lagu2nya begitu enaq didengerin pas halodo alias summer jam 10 pagi sambil Enak didengerin pas mood lagi bagus2nya bikin W suka Lucky Little Jennifer sm Bedroom Talks,0.8845065236091614,"{'w': 'w', 'enak': 'enak', 'alias': 'alias', 'sm': 'sm'}"
hore hihi moment sekali ye capai sih tapi menyenangkan,hore hihi moment sekali ye capai sih tapi pleasant,0.8926252722740173,{'menyenangkan': 'pleasant'}
"film yang bikin tante-tante dan mbak2 macem gua gini blushing di bioskop. iqbaal jadi dilan tepat bgt sih, walopun milea-nya b ajah [URL]",film yang bikin dan mbak2 macem gua gini blushing di iqbaal jadi dilan tepat great walopun b ajah,0.917183756828308,"{'blushing': 'blushing', 'bgt': 'great'}"
[USERNAME] Masih aj pejabat melakukan korupsi.. memberikan contoh yg buruk kepada masyarakat ..Ayo KPK... tunjukan taring mu.. Banyak daerah lain yg blom kau sentuh..,Masih aj pejabat melakukan memberikan contoh yg buruk kepada masyarakat tunjukan taring Banyak daerah lain yg blom kau,0.930272340774536,"{'pejabat': 'pejabat', 'buruk': 'buruk'}"
"tidak perlu ragu untuk bilang rindu atau kesal sampai keubun-ubun. tak perlu kode morse untuk bilang sesuatu. kalau mau, ya bicara saja. kalau tidak, mari kita berdebat sampai lupa waktu. sehabis itu, kita tersenyum lagi. jatuh cinta lagi.",tidak perlu ragu untuk bilang rindu atau kesal sampai tak perlu kode morse untuk bilang kalau ya bicara kalau mari kita berdebat sampai lupa sehabis kita smile jatuh cinta,0.939020037651062,"{'tersenyum': 'smile', 'jatuh': 'jatuh', 'ragu': 'ragu'}"
"Baguslah! Itu namanya sadar diri. Mana mungkin tersangka kasus cabul bisa jadi pemimpin umat?! Btw, kasus [USERNAME] gimana? Terus cerita ente ame nyang 'ntu gimane? [URL]",Itu namanya sadar Mana mungkin tersangka kasus cabul bisa jadi pemimpin kasus Terus cerita ente ame nyang,0.8896843791007996,"{'ente': 'ente', 'itu': 'that'}"
"terakhir, aku sayang koko! sayang koko kemaren. sayang koko hari ini. sayang koko 2 jam yg lalu. sayang koko besok. sayang koko besok lusa. sayang koko selamanya.",aku Dear Dear koko Dear koko hari Dear koko 2 jam yg Dear koko Dear koko tomorrow Dear koko,0.7686171531677246,"{'sayang': 'Dear', 'besok': 'tomorrow'}"
"Ada yang bilang kalau IG biasanya cuma ngupload yang baik aja. Yaaaah kali pas ngrampok bank live, selingkuh live, tewtew upload. Nanti kalau terkenal terus IG di Blockir MenHub",Ada yang bilang kalau IG biasanya cuma ngupload yang baik Yaaaah kali pas ngrampok bank selingkuh tewtew Nanti kalau terkenal terus IG di Blockir MenHub,0.9448319673538208,"{'blockir': 'block', 'menhub': 'menhub', 'bilang': 'bilang'}"
"Keram betis akibat mandi jam 10 Umur lu udah tua mel, dikira masih gagah aja gitu? Abisnya kemana-mana masih sama emak sih berasa masih sekolah aja gitu :""(",Keram betis akibat mandi jam 10 Umur lu udah tua dikira masih gagah just Abisnya masih sama emak sih berasa masih sekolah just gitu,0.90176659822464,"{'aja': 'just', 'gagah': 'gagah', 'jam': 'jam'}"
Wah keliatan Gobloknya Kalau bgtu bangsa kita. Masa Waste System hanya tempat sampah dari jerman [USERNAME] [USERNAME] [USERNAME] Tolong gub+wagub temuin Mas [USERNAME] Sy sudah berikan konsep penanganan sampah scr integrated ke Beliau. Rencana sy presentasikan [URL],Wah keliatan Gobloknya Kalau bgtu bangsa Masa Waste System hanya tempat sampah dari jerman Tolong temuin Mas Sy sudah berikan konsep penanganan sampah scr integrated ke Rencana sy presentasikan,0.7684937715530396,"{'gobloknya': 'gobloknya', 'temuin': 'temuin', 'presentasikan': 'presentasikan', 'bgtu': 'bgtu'}"
"Nah, semenjak itu gw mulai ngerasa takut untuk menjalin hubungan lg. Gw takut di boongin Sumpah. Trauma banget.",semenjak itu gw mulai ngerasa takut untuk menjalin hubungan Gw takut di boongin Trauma,0.8880480527877808,"{'trauma': 'trauma', 'takut': 'takut'}"
"[USERNAME] [USERNAME] Terima kaaih pak Kwik,, itu juga pemikiran sy secara pribadi, trm ksh sdh d'sampaikan pd forum. Dan bgitu jg hal'y dg yg d'sAmpaikn oleh ibu sarumpait.",Terima kaaih pak itu juga pemikiran sy secara trm ksh sdh pd Dan bgitu jg dg yg oleh ibu,0.8189582824707031,"{'pd': 'pd', 'bgitu': 'bgitu'}"
"Ada yg lebih menggelikan ketimbang kasus sexual harassment yg menimpa Via Vallen: para politisi &amp partai politik memanfaatkannya sbg ""panggung pertunjukan"" dgn dalih pembelaan korban. #HilihKinthil",Ada yg lebih menggelikan ketimbang kasus sexual harassment yg menimpa Via para politisi partai politik memanfaatkannya sbg dgn dalih pembelaan,0.9369139075279236,"{'dalih': 'dalih', 'sexual': 'sexual', 'pembelaan': 'pembelaan'}"
[USERNAME] [USERNAME] Hanya orang yg berotak tai seperti anda yg mengatakan jakarta sekarang lebih bagus ! Makanya menilai sesuatu itu harus jauh dari kepentingan diri sendiri !,Hanya orang yg berotak tai seperti anda yg mengatakan jakarta sekarang lebih bagus Makanya menilai sesuatu itu harus jauh dari kepentingan diri sendiri,0.9375643134117126,"{'tai': 'tai', 'kepentingan': 'kepentingan'}"
"Baca buku ini diawal senyum, ditengah-tengah senyum miris, diakhir senyum pasrah. Nuhun bung [USERNAME]#bukugariswaktu #fiersabesari",Baca buku ini diawal senyum diakhir senyum Nuhun bung,0.8929247260093689,{'buku': 'buku'}
"[USERNAME] [USERNAME] Berarti Yusufk09 seringnya nonton penyanyi dangdut yg cuma ""jual"" goyangan atau busana seksi dibanding suara bagus",Berarti Yusufk09 seringnya nonton penyanyi dangdut yg cuma goyangan atau busana seksi dibanding suara bagus,0.8827776312828064,{'dibanding': 'dibanding'}
"Lagi belajar tentang putusan2 pak Artidjo sambil dengerin Chris Cornell. Menyangkut lembaga yudikatif biasanya teman diskusi saya cuma satu, sayang orangnya sudah pergi. [URL]",Lagi belajar tentang putusan2 pak Artidjo sambil dengerin Chris Menyangkut lembaga yudikatif biasanya teman diskusi saya cuma sayang orangnya sudah,0.942003607749939,"{'diskusi': 'diskusi', 'lagi': 'again'}"
"[USERNAME] Pernah dikirimin kue sma temen pake Jne, seminggu ga nyampe. trus diganti sma pihak Jne nya. dikirim lagi, seminggu (lagi) nyampe tapi basi kuenya sampe nyusut :( setelahnya kapok, gamau lagi pake Jne.",Pernah dikirimin kue sma temen pake seminggu ga trus diganti sma pihak Jne dikirim seminggu nyampe tapi stale kuenya sampe nyusut setelahnya gamau lagi pake,0.9181286096572876,"{'nyampe': 'nyampe', 'basi': 'stale', 'pake': 'pake'}"
"[USERNAME] Gaji 13 pns belum cair di kabupaten siak.... Padahal syamsuar sudah menang jadi gubernur.. Minus syam dari dulu selama menjabat siak, gaji telat atau tunjada telat",Gaji 13 pns belum cair di kabupaten Padahal syamsuar sudah menang jadi Minus syam dari dulu selama menjabat gaji telat atau tunjada telat,0.9287711381912231,"{'tunjada': 'tunjada', 'kabupaten': 'kabupaten'}"
"[USERNAME] [USERNAME] [USERNAME] Ada ya wartawan spt itu, kangen Adam Malik walau masih kecil saat beliau ada. Jurnalisme itu ilmu yg wajib dipahami dulu oleh pelaku industri press. Ada byk kaidah jurnalistik yg tdk longgar, ketat dan baku. Dilu",Ada ya wartawan spt kangen Adam Malik walau masih kecil saat beliau Jurnalisme itu ilmu yg wajib dipahami dulu oleh pelaku industri Ada byk kaidah jurnalistik yg tdk ketat dan Dilu,0.8937594890594482,"{'wajib': 'wajib', 'ketat': 'ketat', 'ya': 'ya', 'adam': 'adam'}"
cayo! go go! hahaha tidak-semangat sangat :( a jenuh gila belajar sendiri di kamar -_-,go hahaha sangat a jenuh gila belajar sendiri di kamar,0.8988122940063477,{'a': 'a'}
"Jebakan kacung mu.HRS,imam besar ( bagi umat muslim).Tokoh agama.Prabowo mlkukan konsultasi keagamaan.Apanya yg turun kelas.Kelas bulu apa kelas bantam.Alkafirun jelas tdk paham,aplg politisi kelas ecek2.Modalnya fitnah maki2,nyinyir.Cuma itu. [URL]",Jebakan kacung besar bagi umat mlkukan konsultasi yg turun bulu apa kelas jelas tdk politisi kelas fitnah,0.9153713583946228,"{'politisi': 'politisi', 'fitnah': 'fitnah'}"
[USERNAME] [USERNAME] masi bingung gue:(takut nanti ga dapet tiket:(((( kalo make jastip takutt tambahannya gede trs takut kena tipu juga:(((,masi bingung nanti ga dapet kalo make jastip takutt tambahannya gede trs takut kena tipu,0.8154020309448242,"{'takutt': 'takutt', 'trs': 'trs'}"
Jadi gue ga berani masuk dari gerbang rumah plz itu serem bgt diliatin ayam jago nya gede bgt,Jadi gue ga berani masuk dari gerbang rumah plz itu serem great diliatin ayam jago nya gede great,0.9173151254653932,"{'serem': 'serem', 'bgt': 'great', 'plz': 'plz'}"
[USERNAME] [USERNAME] Sy ga krj krn hrs merawat ibu sy yg sdh pikun hanya jualan di rmh krn km hanya ber2.kl kln bl tega merampok cashback cmn sbgai uang mkn km jg ibu n anak buat apa kalian puasa?,Sy ga krj krn hrs merawat ibu sy yg sdh pikun hanya jualan di rmh krn km hanya kln bl tega merampok cashback cmn sbgai uang mkn km jg ibu n anak buat apa kalian,0.9398425817489624,"{'merampok': 'merampok', 'ga': 'ga', 'tega': 'tega', 'jualan': 'jualan', 'cashback': 'cashback'}"
[USERNAME] [USERNAME] Ini price list yang ada dari facebook nya mereka. Web nya di [URL] semoga membantu :)) Anyway ini myday yang biasanya sering karaoke disana [USERNAME] :)) [URL],Ini price list yang ada dari facebook nya Web nya di semoga membantu Anyway ini myday yang biasanya sering karaoke disana,0.8519423007965088,"{'disana': 'disana', 'price': 'price'}"
" ""Mka.a jgn ngatain org klu gmau dikatain...jaga tuh ocehanmu.. Giliran dikatain bla bla bla.."" dibaca tuh sapa yg ngatain",jgn ngatain org klu gmau tuh Giliran dikatain bla bla dibaca tuh who which ngatain,0.7704426646232605,"{'giliran': 'giliran', 'sapa': 'who', 'yg': 'which'}"
"Mbak mau bawa barang bapak apa? Baju bapak? Tapi nnt tdk bisa dipake Mbak kalo baju ya. Sarung bapak mau? Sarung aja ya, yg biasa bapak pake ke masjid. Biar kalo kangen bisa dipake. Ibu ambilkan. Bu, semoga bisa ketemu lagi secepatnya ya. Ada cinta bapak di senyum ibu.",Mbak mau bawa barang bapak Baju Tapi nnt tdk bisa dipake Mbak if baju Sarung bapak Sarung aja yg biasa bapak pake ke Biar if kangen bisa Ibu semoga bisa meet lagi secepatnya Ada cinta bapak di senyum,0.9364147782325744,"{'ketemu': 'meet', 'kangen': 'kangen', 'biar': 'biar', 'ibu': 'ibu', 'kalo': 'if'}"
"Aku bahagia bersama Pisces, dan mencintai dengan tulus. Mencintai dengan apa adanya. Dan hanya dengan Pisces ku tak ingin lepas, apapun yang terjadi. Bahkan dulu jika ku disebut 'bodoh' pun aku rela. hahaha. memang cinta membuat buta.",Aku bahagia bersama dan love dengan Mencintai dengan apa Dan hanya dengan Pisces ku tak ingin apapun yang Bahkan dulu jika ku disebut pun aku memang cinta membuat,0.9322683811187744,"{'cinta': 'cinta', 'mencintai': 'love'}"
duh sumpe ngakak hahaha jaman kalo ngetweet terus keliatan 'via blekberi' itu lo udah masuk kategori anak gaul tingkat international ya duh susah sih kalo knalpot dikasi nyawa mah begitu jadinya,duh sumpe ngakak hahaha jaman if tweeting terus keliatan itu lo udah masuk kategori anak gaul tingkat international ya duh susah sih if knalpot dikasi nyawa mah begitu jadinya,0.9245044589042664,"{'ngetweet': 'tweeting', 'hahaha': 'hahaha', 'dikasi': 'dikasi', 'kalo': 'if'}"
"suka sama sifat protective-nya, bawelnya, manjanya, terus dia yg sayang banget sama Nako, cemburuan as always wkwk tapi ndapapa daddy Nako selalu sayang daddy kok ehehe",suka sama sifat terus dia yg Dear banget sama cemburuan as always wkwk tapi ndapapa daddy Nako selalu Dear daddy kok ehehe,0.9477710127830504,"{'sayang': 'Dear', 'ndapapa': 'ndapapa', 'nako': 'nako'}"
"Nikmat dunia hanya sementara, Indahnya cinta hanya seketika, Indahnya mimpi itu belum pasti, Tetapi eratnya silaturahim, insyaallah dibawa sampai mati. Dari teman saya Prof. Rifai. Selamat malam tweeps. Jangan lupa berdoa sebelum tidur.",Nikmat dunia hanya Indahnya cinta hanya Indahnya mimpi itu belum Tetapi eratnya insyaallah dibawa sampai Dari teman saya Selamat malam Jangan forget berdoa sebelum,0.939327836036682,"{'eratnya': 'eratnya', 'cinta': 'cinta', 'lupa': 'forget'}"
"Makasih yang udah kasih info buat ini. Lemah teles, Gusti Allah sing mbales. Kayanya mau ke Musium BI atau PRJ aja sesuai info [USERNAME] [URL]",Makasih yang already kasih info buat Lemah Gusti Allah sing Kayanya mau ke Musium BI atau PRJ aja sesuai info,0.9332606196403505,"{'gusti': 'gusti', 'sesuai': 'sesuai', 'udah': 'already'}"
Bismillah.. Pagi2 semangat berolahraga plus memberikan layanan kesehatan Gratis.. carfreedaycirebon .,Pagi2 semangat berolahraga plus memberikan layanan kesehatan carfreedaycirebon,0.6660709381103516,{'semangat': 'semangat'}
"Nelfon cs [USERNAME] disuruh tunggu untuk buat pelaporan, 7 menit and still go on tanpa kabar dari cs, cuma disuruh tunggu. Ngapain? Lama banget. Aneh",Nelfon cs disuruh tunggu untuk buat 7 menit and still go on tanpa kabar dari cuma disuruh Lama Aneh,0.9278894662857056,"{'tunggu': 'tunggu', 'go': 'go'}"
"[USERNAME] Ya Allah...apa2 kok yg disalahin pres [USERNAME] ... Kayak presiden kurang kerjaan ya gaes, urusin sebuah foto...hadweehhh. Tp apa penting to foto itu? Bukan 'jimat' to?",Ya kok yg disalahin pres Kayak presiden kurang kerjaan ya urusin sebuah Tp apa penting to foto Bukan,0.88376784324646,"{'urusin': 'urusin', 'presiden': 'presiden'}"
[USERNAME] Nyerang fansite suruh take down semua foto pas konser. Sampe nyuruh fansite tutup aja. Kalo fansite tutup ya sumber atm mereka tutup juga lah hahaha.,Nyerang fansite suruh take down semua foto pas Sampe nyuruh fansite tutup Kalo fansite tutup ya sumber atm mereka tutup juga lah,0.9315087795257568,"{'suruh': 'suruh', 'nyerang': 'nyerang', 'fansite': 'fansite'}"
"Ngebahas travel sm si eman membuka luka lama.. dari serangkaian luka yg bisa dibuat agen travel dan oknum2nya, What the worst can happen to you?",Ngebahas travel sm si eman membuka luka dari serangkaian luka yg bisa dibuat agen travel dan What the worst can happen to,0.9457075595855712,"{'travel': 'travel', 'eman': 'eman', 'ngebahas': 'discuss'}"
"Jadi nomor yang hangus itu tdk bisa dipakai lagi atau disetting kembali di kartu baru min? *Maap nah min, masih kekeh pertanyaannya* [USERNAME]",Jadi nomor yang hangus itu tdk bisa dipakai lagi atau disetting kembali di kartu baru nah masih kekeh,0.9428797960281372,{'kekeh': 'kekeh'}
"Untuk para sahabat dan guru #pakarkomunikasi neniyulianita dr ani dan teman teman akademisi ""Selamat Milad fikom_unisba ke 35"" semoga lulusan FIKOM UNISBA semakin berkualitas",Untuk para sahabat dan guru neniyulianita dr ani dan friend friend akademisi Milad ke semoga lulusan FIKOM UNISBA semakin berkualitas,0.857743501663208,"{'milad': 'milad', 'fikom': 'fikom', 'teman': 'friend'}"
"Turut berduka atas saudara yang terkena gempa di Lombok, semoga lekas membaik. Meskipun trauma yang terendap tak semudah itu menghilang dari dalam diri Aamiin ~",Turut mourn atas saudara yang terkena gempa di semoga lekas Meskipun trauma yang terendap tak semudah itu menghilang dari dalam diri Aamiin,0.9277005195617676,"{'berduka': 'mourn', 'meskipun': 'meskipun'}"
"Nggada sinyal di rumah, membuatku banyak berfikir, berfikir doank tapi, pikiran ke mana mana, random.. Tapi pasti ada dia :(",Nggada sinyal di membuatku banyak berfikir doank pikiran ke mana Tapi pasti ada dia,0.9103286266326904,{'membuatku': 'membuatku'}
"bangun bangun ngeliat post an jay kek gitu... belom kerasa sakitnya nih. ntar liat aja pas malem malem, gua ngeratapin fotonya sekaligus mau nangis pasti.",bangun bangun ngeliat post an jay kek belom kerasa sakitnya ntar liat aja pas malem gua ngeratapin fotonya sekaligus mau nangis,0.9326037168502808,"{'nangis': 'nangis', 'belom': 'belom', 'bangun': 'bangun'}"
"[USERNAME] Lagi main di rumah temen tuh. Pas pipis liat cd udah merah gitu. Langsung izin pulang bilangnya mendadak sakit Pas sampe rumah bilang, ""itu""kakak berdarah mah. Takut. Soalnya emang pas main jatuh. Pas diliat dibilang mens. Hue besoknya pe",Lagi main di rumah temen Pas pipis liat cd udah merah Langsung izin pulang bilangnya suddenly sakit Pas sampe rumah berdarah Soalnya emang pas main Pas diliat dibilang Hue besoknya pe,0.9123481512069702,"{'mendadak': 'suddenly', 'pas': 'pas', 'sakit': 'sakit', 'dibilang': 'dibilang', 'cd': 'cd'}"
[USERNAME] [USERNAME] [USERNAME] [USERNAME] [USERNAME] [USERNAME] [USERNAME] [USERNAME] [USERNAME] [USERNAME] [USERNAME] Udah bosan hidup bebas kali ya...minta ditangkap dan dipenjara..tunggu saja,Udah bosan hidup bebas kali ditangkap dan saja,0.2371947467327118,{'kali': 'kali'}
"Panjang umur, murah rezeki dengan silaturrahmi. #BukberMendesa [USERNAME] [USERNAME] [USERNAME] [USERNAME] [USERNAME] [USERNAME] [URL]",Panjang murah rezeki dengan,0.1857190728187561,{'rezeki': 'rezeki'}
#SalamSaum #SobaTani Ekspor komoditas perkebunan kita naik 26.5 % dari Tahun 2016 sd 2017. Keren buat #PetaniKita,Ekspor komoditas perkebunan kita naik dari Tahun 2016 sd Keren buat,0.9067426919937134,{'keren': 'cool'}
"[USERNAME] [USERNAME] Kirim salam buat @8rianna_ Pergi berlibur membeli celana, kuping sakit karena berisik, lihat ini sahur ada Brianna, walaupun kepala pusing jadi tetep asik. #IniSahurTIKETCOMHariKe20",Kirim salam buat Pergi berlibur membeli kuping sakit karena lihat ini sahur ada walaupun kepala pusing jadi tetep,0.8314418792724609,{'kuping': 'kuping'}
"[USERNAME] [USERNAME] RejimPANIK? - Ulama kami kalian kriminalisasi, saudara kami kalian bacok, rumah sahabat kami kalian lempar bom, mobil bunda kami kalian bakar...maunya apa sih? Kami tidak akan takut, apalagi mundur.. #2019GantiPresiden",Ulama kami kalian saudara kami kalian rumah sahabat kami kalian lempar mobil bunda kami kalian apa Kami tidak akan apalagi,0.9445759654045104,{'lempar': 'lempar'}
 lhahhh kok gtu? mau dpet duitnya tp ga ngerjain kerjanya org lama pc situ kah? ga enak ketua pc nya. mentang2 kamu baru digituin ya. sabar2 ra. senyumin aja,lhahhh kok mau dpet duitnya tp ga ngerjain work org lama pc there ga enak ketua pc mentang2 kamu baru digituin sabar2 senyumin aja,0.9422073364257812,"{'kerjanya': 'work', 'situ': 'there', 'ketua': 'ketua'}"
"Mana adaaaa, eh ada ding tapi nggak ah, takut disini daerah rawan. Kalau keluar malem aja, pulangnya dianterin rame2 saking rawannya",Mana eh ada ding tapi nggak takut disini daerah Kalau keluar malem pulangnya dianterin rame2 saking rawannya,0.9445194005966188,"{'takut': 'takut', 'rawannya': 'rawannya'}"
"Pelayaran Aman, Selamat, Tertib dan Nyaman Pastinya ! Repost [USERNAME] [USERNAME] [USERNAME] #mudikbarengguyubrukun2018 #kawulamoda #lebaran2018 [URL]",Pelayaran Tertib dan Nyaman Pastinya Repost,0.4278411567211151,{'nyaman': 'nyaman'}
