perturbed_text,rating
luar biasa kuciwa sangat dengan aplikasi ini saya sudah hubungi pusat panggilan untuk cek pemesanan saya karena saya sudah bayar dan tidak katon e tiket nya bahkan saya sudah kirim bukti transaksi nya ke hingga saat ini tidak ada pihak pusat panggilan yang menghubungi kuciwa,
e tiket belum diterima padahal uang nya sudah ditransfer pas mau konfirmasi ke pelayanan pelanggan tidak pernah direspons juga tidak dijawab mantap kerja kuciwa saja bisa nya,
sampai saat ini enjoy deh pakai tapi tadi kita coba cash kembali 50 sunday ya nonton bioskop di xi epicentrum cuma bisa pkk debit bca saja tidak bisa pakai kartu lain penonton kuciwa deh,
aku kuciwa dengan pelayanan hotel yang semalam aku tempati kamar mandi kotor pelayan tidak grapyak,
ipuh pantesan tidak pernah didatangkan banyak orang ternyata tempat makan di sana dalem nya reged banget sampah saja dibiarkan berserakan,
netizen mulut nya sampah semua tidak berfaedah,
hai prabowo daripada malu becik tidak usah naik jadi presiden tahun ini,
its tidak ada nya kalau dibandingkan itb,
salut banget neraka sama pemimpin yang selalu bisa melihat poin plus yang ada di diri di sekitar nya,
pelayanan bank bni selalu memuaskan banget orang nya,
ini pertama kalinya gua ke bank buat ngurusin pembuatan rekening baru nama nya juga orang pertama wektu ya baru ke bank gua kena semprot kelihatan banget pelayanan pelanggan nya tidak suka gua banyak bertanya padahal itu kan tugas mereka buat matak gua,
saya menginap dua malam bersama keluarga secara keseluruhan hotel nya sangat bagus klambi fasilitas hotel dawa breakfast nya pun dan tentunya mandhiri hotel yang sejuk dan nyaman cocok untuk pilihan menginap bersama keluarga,
banyak alasan saya bisa merasa puas dengan pelayanan go jack go jack tidak pernah lepas dari tanggung jawab itu adalah nilai plus yang belum tentu dimiliki oleh perusahaan yang lain,
pendaftar lagi g7 thinq membludak hingga 3x kapasitas tempat ke depan nya bakal segera ada huawei nova 3i dan mungkin samsung galaxy cathetan 9,
aku kuciwa dengan pelayanan hotel yang semalam aku tempati kamar mandi reged pelayan tidak grapyak,
ora ada faedah nya kenal kpop yang ada mata kita dibutakan terus bikin kita manusia,
sebenarnya kelebihan mangan di upnormal itu karena disediakan banyak mainan nongkrong jadi lebih seru,
nggawe anak bangsa indonesia di bidang teknologi selalu membanggakan,
gue lebih milih mangan di restoran yang bersih dan makanan nya enak kayak di ampera,
jangan lupa jebule air mineral 8 10 gelas per hari nya,
Selamat subuh untuk jiwa yang sedang merasakan Keluarlah ke suatu titik yang jika ketik kowe berada pada titik itu kowe merasa aku ada pada hatimu,
bukan soal idolamu yang bukan soal lebay si ini soal sexual harrasement yang dijadiin komentar bercanda dan dianggap biasa semoga bukan atau orang yang kamu kenal yang diperlakukan begitu baru kamu,
boi ini gimane nih wifi gangguan mulu Jan mau kalah lah ama indie home Kalo amp bsk masih gangguan gue pake indie home aja lah,
Pasti pada banyak yg mikir bel sok2 di update biar ikutan viral gapapa kok kalian semua disini ora retweet or reply this cuma mau nuduhake aja kalo ya mau kita artis kek mau org biasa kek mau siapa kek ya emg berhak marah kalo,
KENAPA GUA CINTA BANGET SAMA BANG WAWAN SEBAGAI ABANG YA KARNA DIA SALAH GAULNYA SAMA KAYA GUA BANYAK KESAMAAN JUGA HEHE,
Wah banget ini pak Sbg contoh jalan kampung saya dari simpang parmonangan tiga balata ke bosar bandar Jawa luar biasa rusak nya PaRAH,
loving with kula whole meri suka ngambekan sukanya peluk peluk sama cium cium kangenan banget lagi chat aja masih,
Sy ga krj krn hrs merawat ibu sy yg sdh pikun hanya jualan di rmh krn km hanya kln bl tega merampok cashback cmn sbgai uang mkn km jg ibu n anak buat apa kalian,
suka sama sifat terus dia yg sayang banget sama cemburuan as always wkwk tapi ndapapa daddy Nako selalu sayang daddy kok ehehe,
Nelfon cs disuruh tunggu untuk buat 7 menit and still go on tanpa kabar dari cuma disuruh Lama Aneh,
Selamat pak resmi jadi sekedar saran sering sering si jagoan dikasih dengar lagu YNWA sama tonton pertandingan Biar ngerti sajarah dan kesetiaan haha,
Lambat laun kok makin ga jelas dan semakin kurang Gw Jujur gw ga pernah dan ga mau scr frontal maki Gw blg Scr,
Asal ngomong dan udah pasti Kasihan PKI dijadikan kambing hitam,
Temen SMA w nih berhubung dia lg jomblo baru 2 hari mkanya gangguin Barangkali ada yg mau Dia ngomong kemren klo dia mau cari pasangan yg bisa ngeetiin tugasnya hehew,
Aku terlalu takut untuk pulang ke rumah dan memutuskan menghabiskan wangi di supermarket itu hingga,
Kalo yg di Jakarta kan jago ndhelikake buktinya dia punya perusahaan offshore yg kerja namanya muncul di Panama jadi harus jago banget untuk bisa temuin bukti,
semenjak itu gw mulai ngerasa takut untuk menjalin sambungan Gw takut di boongin Trauma,
OH saya paling TAKUT dengan Ya janganlah ngirim tetamu ini dalam hidup Sesungguhnya aku mampu sabar dengan MANUSIA KAKI BELIT tapi tak mampu sabar dengan belitan ULAR yg menggelikan,
Makasih yang udah kasih info buat Lemah Gusti Allah sing Kayanya mau ke Musium BI atau PRJ aja sesuai info,
Tak Tapi kalo selalu bilang tak tahu kok jadinya seperti nggak ngerti atau cari aman Ah Maju kotanya Bahagia warganya,
